分类,标题,导演,主演,地区,年份,语言,更新时间,m3u8地址,详情页URL,封面图,简介
女频恋爱,闪婚老公请就位,未知,"刘奕彤,于颢鑫",中国大陆,2026,,2026-06-10,https://v8.ppqrrs.com/wjv8/202606/09/BikAcZ4ySf88/video/index.m3u8,https://duanju2.com/vod/45356.html,https://pic.youkupic.com/upload/vod/20260609-1/a2960aa5bcb1f71a8d20ccbe12a8c55e.jpg,"闪婚老公请就位是由刘奕彤,于颢鑫主演的一部短剧,女频恋爱主演的一部短剧,女频恋爱。"
女频恋爱,荆棘月色,未知,"严子贤,向婧怡",中国大陆,2026,,2026-06-10,https://v9.ppqrrs.com/wjv9/202606/09/f3De6qXVTP97/video/index.m3u8,https://duanju2.com/vod/45355.html,https://pic.youkupic.com/upload/vod/20260609-1/095c3a062e7cef06fdcd688954f2bb44.jpg,"荆棘月色是由严子贤,向婧怡主演的一部短剧,女频恋爱主演的一部短剧,女频恋爱。"
女频恋爱,九爷请自重,未知,未知,中国大陆,2024,,2026-06-10,https://v10.ppqrrs.com/wjv10/202407/19/D9L03F4hCM82/video/index.m3u8,https://duanju2.com/vod/9872.html,https://img.ffzy888.com/upload/vod/20240811-1/6035cd382594837a33d8eec886057810.png,九爷请自重是由未知主演的一部女频恋爱主演的一部女频恋爱。
女频恋爱,那就下次再见吧,未知,白妍＆杜昱泽,中国大陆,2026,,2026-06-10,https://v7.ppqrrs.com/wjv7/202606/09/m2btMxUicT96/video/index.m3u8,https://duanju2.com/vod/45398.html,https://pic.youkupic.com/upload/vod/20260610-1/7741a87299b6c48b05faf90babea3be1.jpg,"那就下次再见吧是由白妍＆杜昱泽主演的一部短剧,女频恋爱主演的一部短剧,女频恋爱。"
女频恋爱,他却爱意疯长,未知,"张皓文,徐小浠",中国大陆,2026,,2026-06-09,https://v5.ppqrrs.com/wjv5/202606/08/ZJg2NCm9yx95/video/index.m3u8,https://duanju2.com/vod/45348.html,https://pic.youkupic.com/upload/vod/20260609-1/ee8b55033b976fb6f6f9748f24f2510d.jpg,"他却爱意疯长是由张皓文,徐小浠主演的一部短剧,女频恋爱主演的一部短剧,女频恋爱。"
女频恋爱,灼玉：无人及她,未知,"黄子淇,张乙萌",中国大陆,2026,,2026-06-09,https://v5.ppqrrs.com/wjv5/202606/08/tCma58GGBZ96/video/index.m3u8,https://duanju2.com/vod/45342.html,https://pic.youkupic.com/upload/vod/20260609-1/e833050284e712bcf32a72e350a578da.jpg,"灼玉：无人及她是由黄子淇,张乙萌主演的一部短剧,女频恋爱主演的一部短剧,女频恋爱。"
女频恋爱,盛夏遇你恰逢时,未知,李科佑＆李汝,中国大陆,2026,,2026-06-09,https://v12.ppqrrs.com/wjv12/202606/08/hYP4LNYqeP94/video/index.m3u8,https://duanju2.com/vod/45345.html,https://pic.youkupic.com/upload/vod/20260609-1/390e766186fc3c81b6378651d1424843.jpg,"盛夏遇你恰逢时是由李科佑＆李汝主演的一部短剧,女频恋爱主演的一部短剧,女频恋爱。"
女频恋爱,南音再许,未知,未知,中国大陆,2025,,2026-06-08,https://v12.ppqrrs.com/wjv12/202507/02/NX212MkbQu84/video/index.m3u8,https://duanju2.com/vod/24027.html,https://pic.youkupic.com/upload/vod/20250702-1/7869202851f717bd84aede64f16de1ea.jpg,南音再许是由未知主演的一部女频恋爱主演的一部女频恋爱。
女频恋爱,男友半盐半糖,未知,"金佳遇,吴纯一",中国大陆,2026,,2026-06-07,https://v12.ppqrrs.com/wjv12/202606/06/UyK0v1u4T196/video/index.m3u8,https://duanju2.com/vod/45242.html,https://pic.youkupic.com/upload/vod/20260606-1/1fb7392e48afb5dd472abdf18c5acbd6.jpg,"男友半盐半糖是由金佳遇,吴纯一主演的一部短剧,女频恋爱主演的一部短剧,女频恋爱。"
女频恋爱,重生不做替嫁：大佬他非我不娶,未知,"李紫未,于散",中国大陆,2026,,2026-06-06,https://v4.ppqrrs.com/wjv4/202606/04/qduFPh839B91/video/index.m3u8,https://duanju2.com/vod/45190.html,https://pic.youkupic.com/upload/vod/20260605-1/5d78b245576ac8b5ad48d300239ff2f0.jpg,"重生不做替嫁：大佬他非我不娶是由李紫未,于散主演的一部短剧,女频恋爱主演的一部短剧,女频恋爱。"
女频恋爱,归舟吻海棠,未知,"吴静怡,黄贺",中国大陆,2026,,2026-06-06,https://v12.ppqrrs.com/wjv12/202606/04/0eMLuvRuR488/video/index.m3u8,https://duanju2.com/vod/45185.html,https://pic.youkupic.com/upload/vod/20260605-1/516ad32c640a5f675eea329fd98a36dd.jpg,"归舟吻海棠是由吴静怡,黄贺主演的一部短剧,女频恋爱主演的一部短剧,女频恋爱。"
女频恋爱,久疾逢甜医,未知,"于伦豪,张紫菡",中国大陆,2026,,2026-06-06,https://v6.ppqrrs.com/wjv6/202606/04/p5EmWP56pF88/video/index.m3u8,https://duanju2.com/vod/45193.html,https://pic.youkupic.com/upload/vod/20260605-1/4e1d2261776d0a094fcbf3a8e8a71c71.jpg,"久疾逢甜医是由于伦豪,张紫菡主演的一部短剧,女频恋爱主演的一部短剧,女频恋爱。"
女频恋爱,天黑过后第二季,未知,"范祺,车超炎,冯欢欢",中国大陆,2026,,2026-06-06,https://v12.ppqrrs.com/wjv12/202606/04/s1H2hxrYVM89/video/index.m3u8,https://duanju2.com/vod/45179.html,https://pic.youkupic.com/upload/vod/20260605-1/f4017626c8f4a5b29d9d833456da2469.jpg,"天黑过后第二季是由范祺,车超炎,冯欢欢主演的一部短剧,女频恋爱主演的一部短剧,女频恋爱。"
女频恋爱,半熟恋人,未知,陆路＆赵静雯,中国大陆,2026,,2026-06-06,https://v12.ppqrrs.com/wjv12/202606/06/i2aAM7Pj1Z90/video/index.m3u8,https://duanju2.com/vod/45234.html,https://pic.youkupic.com/upload/vod/20260606-1/0f4e75aa2495096899eb05938edbb464.jpg,"半熟恋人是由陆路＆赵静雯主演的一部短剧,女频恋爱主演的一部短剧,女频恋爱。"
女频恋爱,天家少主隐都市,未知,"于斯年,王艺淳",中国大陆,2026,,2026-06-05,https://v9.ppqrrs.com/wjv9/202606/02/TxMazjdT2f87/video/index.m3u8,https://duanju2.com/vod/45102.html,https://pic.youkupic.com/upload/vod/20260603-1/6c9d7d2b39e71e01c95d006b485366d4.jpg,"天家少主隐都市是由于斯年,王艺淳主演的一部短剧,女频恋爱主演的一部短剧,女频恋爱。"
女频恋爱,读心赘婿,未知,"晓凡,赵琦",中国大陆,2026,,2026-06-05,https://v2.ppqrrs.com/wjv2/202606/03/ssqWFhWY0j90/video/index.m3u8,https://duanju2.com/vod/45148.html,https://pic.youkupic.com/upload/vod/20260604-1/b30e3ccb15a32fff27aa7f2b85de3a02.jpg,"读心赘婿是由晓凡,赵琦主演的一部短剧,女频恋爱主演的一部短剧,女频恋爱。"
女频恋爱,绿茶，分明是宝藏系女孩,未知,"沈杨,韩卓宏",中国大陆,2026,,2026-06-05,https://v3.ppqrrs.com/wjv3/202606/03/hKs2KUNTKn90/video/index.m3u8,https://duanju2.com/vod/45145.html,https://pic.youkupic.com/upload/vod/20260604-1/a9e6ee313849e7799499547ed0b5fc8b.jpg,"绿茶，分明是宝藏系女孩是由沈杨,韩卓宏主演的一部短剧,女频恋爱主演的一部短剧,女频恋爱。"
女频恋爱,潜流,未知,"崔栩淙,居来提",中国大陆,2026,,2026-06-05,https://v11.ppqrrs.com/wjv11/202606/03/TbPdGuH5Km87/video/index.m3u8,https://duanju2.com/vod/45142.html,https://pic.youkupic.com/upload/vod/20260604-1/4b701df3e3808f8eae3a8cece7ecadb8.jpg,"潜流是由崔栩淙,居来提主演的一部短剧,女频恋爱主演的一部短剧,女频恋爱。"
女频恋爱,巧言真爱,未知,"苏畅,张馨然",中国大陆,2026,,2026-06-04,https://v11.ppqrrs.com/wjv11/202509/16/RDTayypd9z83/video/index.m3u8,https://duanju2.com/vod/28014.html,https://pic.youkupic.com/upload/vod/20250916-1/33fc50cef6d1ec88c0f28c7c6988df3c.jpg,"巧言真爱是由苏畅,张馨然主演的一部女频恋爱主演的一部女频恋爱。"
女频恋爱,四十岁遇到爱,未知,"蔡明娜,周宥廷",中国大陆,2026,,2026-06-04,https://v12.ppqrrs.com/wjv12/202606/01/kZptqyhXPr94/video/index.m3u8,https://duanju2.com/vod/45038.html,https://pic.youkupic.com/upload/vod/20260601-1/3e01ef6664b65fa08807e675697a0336.jpg,"四十岁遇到爱是由蔡明娜,周宥廷主演的一部短剧,女频恋爱主演的一部短剧,女频恋爱。"
脑洞悬疑,糟糕！我的女友变僵尸了！,未知,梁翊程＆李盈慧,中国大陆,2026,,2026-06-04,https://v3.ppqrrs.com/wjv3/202606/02/ttaMXWXMk388/video/index.m3u8,https://duanju2.com/vod/45075.html,https://pic.youkupic.com/upload/vod/20260602-1/189f524a33cf7448e50221568f3612c7.jpg,"糟糕！我的女友变僵尸了！是由梁翊程＆李盈慧主演的一部短剧,脑洞悬疑主演的一部短剧,脑洞悬疑。"
脑洞悬疑,我的猫不好惹,未知,"江来,陈鸿运",中国大陆,2026,,2026-06-02,https://v9.ppqrrs.com/wjv9/202605/28/h4a7uiBxcZ94/video/index.m3u8,https://duanju2.com/vod/44875.html,https://pic.youkupic.com/upload/vod/20260528-1/3148951f8076bc5bd29616b93320794e.jpg,"我的猫不好惹是由江来,陈鸿运主演的一部短剧,脑洞悬疑主演的一部短剧,脑洞悬疑。"
脑洞悬疑,双子座之惊魂,未知,"佟臻,漆雕轶柔",中国大陆,2026,,2026-06-02,https://v10.ppqrrs.com/wjv10/202605/29/FD8zQsV8wD91/video/index.m3u8,https://duanju2.com/vod/44917.html,https://pic.youkupic.com/upload/vod/20260529-1/a9d2a14bc1b85bf40995094488bbbcae.jpg,"双子座之惊魂是由佟臻,漆雕轶柔主演的一部短剧,脑洞悬疑主演的一部短剧,脑洞悬疑。"
脑洞悬疑,亲妈重生第三天,未知,"张蓓蓓,冯光辉",中国大陆,2026,,2026-06-02,https://v12.ppqrrs.com/wjv12/202605/29/pbp6hcxYbM95/video/index.m3u8,https://duanju2.com/vod/44916.html,https://pic.youkupic.com/upload/vod/20260529-1/e5d598fbb7446282d8e24c2ea319fff1.jpg,"亲妈重生第三天是由张蓓蓓,冯光辉主演的一部短剧,脑洞悬疑主演的一部短剧,脑洞悬疑。"
脑洞悬疑,远嫁的深渊,未知,"车芊云,黄健",中国大陆,2026,,2026-05-25,https://v5.ppqrrs.com/wjv5/202605/24/L90KisH3k789/video/index.m3u8,https://duanju2.com/vod/44724.html,https://pic.youkupic.com/upload/vod/20260524-1/87f8e01daeac17f149f77c4613d1cbc8.jpg,"远嫁的深渊是由车芊云,黄健主演的一部短剧,脑洞悬疑主演的一部短剧,脑洞悬疑。"
脑洞悬疑,奇门诡事录-天材地宝,未知,"王一婷,李威,张艺凡",中国大陆,2026,,2026-05-24,https://v6.ppqrrs.com/wjv6/202605/23/j8a88m3uhg94/video/index.m3u8,https://duanju2.com/vod/44674.html,https://pic.youkupic.com/upload/vod/20260523-1/4ec6e92655e7719aa9be6bfb1db1c4f6.jpg,"奇门诡事录-天材地宝是由王一婷,李威,张艺凡主演的一部短剧,脑洞悬疑主演的一部短剧,脑洞悬疑。"
脑洞悬疑,奇门诡事录,未知,未知,中国大陆,2025,,2026-05-24,https://v2.ppqrrs.com/wjv2/202506/18/uAqs0bSVRR74/video/index.m3u8,https://duanju2.com/vod/23223.html,https://pic.youkupic.com/upload/vod/20250618-1/ca5641585eaf5d973695a25dc6c19db0.jpg,奇门诡事录是由未知主演的一部脑洞悬疑主演的一部脑洞悬疑。
脑洞悬疑,婚局游戏,未知,"朱宏,刘昕岚",中国大陆,2026,,2026-05-21,https://v11.ppqrrs.com/wjv11/202605/19/b2RAR9TpBL89/video/index.m3u8,https://duanju2.com/vod/44520.html,https://pic.youkupic.com/upload/vod/20260519-1/7f422b2e084a8622ab03289d52e59b2d.jpg,"婚局游戏是由朱宏,刘昕岚主演的一部短剧,脑洞悬疑主演的一部短剧,脑洞悬疑。"
脑洞悬疑,收尸人,未知,"孙军,彭洋洋",中国大陆,2026,,2026-05-18,https://v5.ppqrrs.com/wjv5/202605/17/NPWf9n18ux95/video/index.m3u8,https://duanju2.com/vod/44414.html,https://pic.youkupic.com/upload/vod/20260517-1/73a0a88ce34549a7b1c5eaba75a4605a.jpg,"收尸人是由孙军,彭洋洋主演的一部短剧,脑洞悬疑主演的一部短剧,脑洞悬疑。"
脑洞悬疑,家人们本天师真的不懂玄学啊,未知,"李星辰,张棠",中国大陆,2026,,2026-05-11,https://v4.ppqrrs.com/wjv4/202605/09/UaMdHqQNgU89/video/index.m3u8,https://duanju2.com/vod/44083.html,https://pic.youkupic.com/upload/vod/20260509-1/eb185286aac9ec71cf8721b8308fbf5e.jpg,"家人们本天师真的不懂玄学啊是由李星辰,张棠主演的一部短剧,脑洞悬疑主演的一部短剧,脑洞悬疑。"
脑洞悬疑,别惹我的猫，它是远古魔神！,未知,"张轶静,朱光瑞",中国大陆,2026,,2026-05-09,https://v9.ppqrrs.com/wjv9/202605/07/BgwEbhZEkj89/video/index.m3u8,https://duanju2.com/vod/44000.html,https://pic.youkupic.com/upload/vod/20260508-1/3772918c9495fae926b6bb91372f95d4.jpg,"别惹我的猫，它是远古魔神！是由张轶静,朱光瑞主演的一部短剧,脑洞悬疑主演的一部短剧,脑洞悬疑。"
脑洞悬疑,致命夜钓,未知,吴倩,中国大陆,2026,,2026-05-09,https://v4.ppqrrs.com/wjv4/202605/07/w3Qj2HH65688/video/index.m3u8,https://duanju2.com/vod/43982.html,https://pic.youkupic.com/upload/vod/20260508-1/b04f9373980f45df1ff191acbcf54dc7.jpg,"致命夜钓是由吴倩主演的一部短剧,脑洞悬疑主演的一部短剧,脑洞悬疑。"
脑洞悬疑,捉妖爆功力，我成了真神,未知,"陈雷雷,林准",中国大陆,2026,,2026-05-05,https://v4.ppqrrs.com/wjv4/202605/03/4T9MRbNnmT91/video/index.m3u8,https://duanju2.com/vod/43794.html,https://pic.youkupic.com/upload/vod/20260503-1/4a9e230fe368743050c506da22a032cc.jpg,"捉妖爆功力，我成了真神是由陈雷雷,林准主演的一部短剧,脑洞悬疑主演的一部短剧,脑洞悬疑。"
脑洞悬疑,人参精也能和家主谈恋爱吗,未知,彭丹丹＆王慧龙,中国大陆,2026,,2026-05-05,https://v5.ppqrrs.com/wjv5/202605/03/idhgTwmBXT89/video/index.m3u8,https://duanju2.com/vod/43802.html,https://pic.youkupic.com/upload/vod/20260503-1/8fa3eaef1c5c9f70286b4c9779b0677a.jpg,"人参精也能和家主谈恋爱吗是由彭丹丹＆王慧龙主演的一部短剧,脑洞悬疑主演的一部短剧,脑洞悬疑。"
脑洞悬疑,当我拥有蚊子分身后,未知,"李彦波,宋景瑶",中国大陆,2026,,2026-05-03,https://v10.ppqrrs.com/wjv10/202605/01/wFwtf2yCTF96/video/index.m3u8,https://duanju2.com/vod/43692.html,https://pic.youkupic.com/upload/vod/20260502-1/fa1ad329864f920b0894492e6aa159c0.jpg,"当我拥有蚊子分身后是由李彦波,宋景瑶主演的一部短剧,脑洞悬疑主演的一部短剧,脑洞悬疑。"
脑洞悬疑,狂飙之九龙棋局,未知,"刘尚麟,时一",中国大陆,2026,,2026-04-28,https://v9.ppqrrs.com/wjv9/202604/25/7k53ZEJewG89/video/index.m3u8,https://duanju2.com/vod/43321.html,https://pic.youkupic.com/upload/vod/20260426-1/50222671eda394a6324132cbdeec7483.jpg,"狂飙之九龙棋局是由刘尚麟,时一主演的一部短剧,脑洞悬疑主演的一部短剧,脑洞悬疑。"
脑洞悬疑,夜半新娘,未知,"李紫嘉,胡星澈,徐湛铎",中国大陆,2026,,2026-04-28,https://v6.ppqrrs.com/wjv6/202604/25/hqU8ufzVCn96/video/index.m3u8,https://duanju2.com/vod/43339.html,https://pic.youkupic.com/upload/vod/20260426-1/d799358cd5c68b057d0597f3368b0222.jpg,"夜半新娘是由李紫嘉,胡星澈,徐湛铎主演的一部短剧,脑洞悬疑主演的一部短剧,脑洞悬疑。"
脑洞悬疑,重生成蛇我气哭富二代,未知,"何索,梁三恩",中国大陆,2026,,2026-04-25,https://v3.ppqrrs.com/wjv3/202604/23/s5g41inqV691/video/index.m3u8,https://duanju2.com/vod/43247.html,https://pic.youkupic.com/upload/vod/20260423-1/de95eab9579feeb1e06b69299876a4be.jpg,"重生成蛇我气哭富二代是由何索,梁三恩主演的一部短剧,脑洞悬疑主演的一部短剧,脑洞悬疑。"
脑洞悬疑,起猛了，夫人她好像手撕厉鬼了,未知,"田珍,李佳明",中国大陆,2026,,2026-04-20,https://v1.ppqrrs.com/202604/19/RLZqgNyM6J96/video/index.m3u8,https://duanju2.com/vod/42969.html,https://pic.youkupic.com/upload/vod/20260419-1/a3b58bbeef758d6b6cb5d33775ea3850.jpg,"起猛了，夫人她好像手撕厉鬼了是由田珍,李佳明主演的一部短剧,脑洞悬疑主演的一部短剧,脑洞悬疑。"
脑洞悬疑,我在阳间当牛马，误入地府做阴差,未知,"柔少帅,林雪",中国大陆,2026,,2026-04-16,https://v5.ppqrrs.com/wjv5/202604/14/zWsiYJ1fKF93/video/index.m3u8,https://duanju2.com/vod/42699.html,https://pic.youkupic.com/upload/vod/20260415-1/e4203a8348e4672f2c0ae271cf5425ed.jpg,"我在阳间当牛马，误入地府做阴差是由柔少帅,林雪主演的一部短剧,脑洞悬疑主演的一部短剧,脑洞悬疑。"
年代穿越,原来，我已经天下无敌了,未知,"韩雨轩,刘金妍",中国大陆,2026,,2026-06-09,https://v11.ppqrrs.com/wjv11/202606/08/F2gx5Pi2Ed87/video/index.m3u8,https://duanju2.com/vod/45346.html,https://pic.youkupic.com/upload/vod/20260609-1/a430cb2f4a1bf9cd7503c39c55e2332a.jpg,"原来，我已经天下无敌了是由韩雨轩,刘金妍主演的一部短剧,年代穿越主演的一部短剧,年代穿越。"
年代穿越,重生八零，林海雪原我平躺,未知,"徐培淇,张紫云",中国大陆,2026,,2026-06-09,https://v6.ppqrrs.com/wjv6/202606/08/4TZUWd6gh886/video/index.m3u8,https://duanju2.com/vod/45339.html,https://pic.youkupic.com/upload/vod/20260609-1/44f1137d26308c74a3943fabc2eb9302.jpg,"重生八零，林海雪原我平躺是由徐培淇,张紫云主演的一部短剧,年代穿越主演的一部短剧,年代穿越。"
年代穿越,摄政王妃她医毒双绝,未知,未知,大陆,2025,,2026-06-08,https://v9.ppqrrs.com/wjv9/202502/24/Lc2YWGq0bc81/video/index.m3u8,https://duanju2.com/vod/18160.html,https://img.picbf.com/upload/vod/20250225-1/dd0926c1267102605edca84b91966f5a.jpg,摄政王妃她医毒双绝是由未知主演的一部年代穿越主演的一部年代穿越。
年代穿越,穿书后，我和我妈飒爆了,未知,"程新茸,王柏旭",中国大陆,2026,,2026-06-07,https://v6.ppqrrs.com/wjv6/202606/06/L5gw1eVrQJ87/video/index.m3u8,https://duanju2.com/vod/45241.html,https://pic.youkupic.com/upload/vod/20260606-1/7073e1ad205497a1f08de8eaf7e42111.jpg,"穿书后，我和我妈飒爆了是由程新茸,王柏旭主演的一部短剧,年代穿越主演的一部短剧,年代穿越。"
年代穿越,开局赘婿，系统你自己卸载了吧,未知,"林屿海,吴仟瑜",中国大陆,2026,,2026-06-06,https://v12.ppqrrs.com/wjv12/202606/04/nT99aTuJRf89/video/index.m3u8,https://duanju2.com/vod/45184.html,https://pic.youkupic.com/upload/vod/20260605-1/8657ca136aea047f89c6a6eb80e8733e.jpg,"开局赘婿，系统你自己卸载了吧是由林屿海,吴仟瑜主演的一部短剧,年代穿越主演的一部短剧,年代穿越。"
年代穿越,开局被发配充军，从满级箭术开始,未知,"王钰杰,杨宛翊",中国大陆,2026,,2026-06-06,https://v9.ppqrrs.com/wjv9/202606/04/VL0n2Wbq7Q95/video/index.m3u8,https://duanju2.com/vod/45183.html,https://pic.youkupic.com/upload/vod/20260605-1/6ebe1e397f8bd567fa1609df4588d51f.jpg,"开局被发配充军，从满级箭术开始是由王钰杰,杨宛翊主演的一部短剧,年代穿越主演的一部短剧,年代穿越。"
年代穿越,带着空间回80，我成大富翁,未知,"韩寒,陆柒",中国大陆,2026,,2026-06-06,https://v3.ppqrrs.com/wjv3/202606/04/gXJMiKNnnQ92/video/index.m3u8,https://duanju2.com/vod/45182.html,https://pic.youkupic.com/upload/vod/20260605-1/99ad8e26098b324639d1286aadef7f76.jpg,"带着空间回80，我成大富翁是由韩寒,陆柒主演的一部短剧,年代穿越主演的一部短剧,年代穿越。"
年代穿越,我的养老院，个个是大佬,未知,"宋佳音,邵之鹏",中国大陆,2026,,2026-06-05,https://v3.ppqrrs.com/wjv3/202606/02/BAGPFhbaEm88/video/index.m3u8,https://duanju2.com/vod/45107.html,https://pic.youkupic.com/upload/vod/20260603-1/a75d648e34430165c3aca3d114871056.jpg,"我的养老院，个个是大佬是由宋佳音,邵之鹏主演的一部短剧,年代穿越主演的一部短剧,年代穿越。"
年代穿越,重生八五，靠返现系统赢麻了,未知,"李桢,赵雨芯",中国大陆,2026,,2026-06-05,https://v8.ppqrrs.com/wjv8/202606/03/dv95QG4Zij91/video/index.m3u8,https://duanju2.com/vod/45151.html,https://pic.youkupic.com/upload/vod/20260604-1/a8b14fe67ca6ffea19a4e199ced3b243.jpg,"重生八五，靠返现系统赢麻了是由李桢,赵雨芯主演的一部短剧,年代穿越主演的一部短剧,年代穿越。"
年代穿越,浪子回头：我的手机可以预知未来,未知,"李青霖,徐格男",中国大陆,2026,,2026-06-04,https://v2.ppqrrs.com/wjv2/202606/02/piBhDBLXHM90/video/index.m3u8,https://duanju2.com/vod/45071.html,https://pic.youkupic.com/upload/vod/20260602-1/cab1037843323dac44ac72c524537dbd.jpg,"浪子回头：我的手机可以预知未来是由李青霖,徐格男主演的一部短剧,年代穿越主演的一部短剧,年代穿越。"
年代穿越,我靠藏宝图在古代成为首富,未知,"吴梦媛,张策",中国大陆,2026,,2026-06-04,https://v9.ppqrrs.com/wjv9/202606/02/SPsS9yMX6q92/video/index.m3u8,https://duanju2.com/vod/45070.html,https://pic.youkupic.com/upload/vod/20260602-1/39a1407e21709fac75add6cc41b04bbb.jpg,"我靠藏宝图在古代成为首富是由吴梦媛,张策主演的一部短剧,年代穿越主演的一部短剧,年代穿越。"
年代穿越,不借东风自扶摇,未知,"温宇,张文博",中国大陆,2026,,2026-06-04,https://v7.ppqrrs.com/wjv7/202606/01/aAmrawYnVT92/video/index.m3u8,https://duanju2.com/vod/45039.html,https://pic.youkupic.com/upload/vod/20260601-1/8e19692b4fdd686da16a34500dc1a53a.jpg,"不借东风自扶摇是由温宇,张文博主演的一部短剧,年代穿越主演的一部短剧,年代穿越。"
年代穿越,祖孙互换，制霸全场,未知,"林筱艾,张嘉印",中国大陆,2026,,2026-06-04,https://v5.ppqrrs.com/wjv5/202606/01/bh90JrkQ1a87/video/index.m3u8,https://duanju2.com/vod/45031.html,https://pic.youkupic.com/upload/vod/20260601-1/546bda7e1ab64c6c2cc6f4381bf0c4da.jpg,"祖孙互换，制霸全场是由林筱艾,张嘉印主演的一部短剧,年代穿越主演的一部短剧,年代穿越。"
年代穿越,重生，爽王归来,未知,"郑天阳,张邺心",中国大陆,2026,,2026-06-04,https://v6.ppqrrs.com/wjv6/202606/02/BfDAdkg4PM97/video/index.m3u8,https://duanju2.com/vod/45077.html,https://pic.youkupic.com/upload/vod/20260602-1/32ebda62a79ed1a2b4268c65c5a3d127.jpg,"重生，爽王归来是由郑天阳,张邺心主演的一部短剧,年代穿越主演的一部短剧,年代穿越。"
年代穿越,睁眼重回三年前，儿媳我来罩,未知,"李晓东,郑峰",中国大陆,2026,,2026-06-04,https://v12.ppqrrs.com/wjv12/202606/02/XJU9pje6XN87/video/index.m3u8,https://duanju2.com/vod/45073.html,https://pic.youkupic.com/upload/vod/20260602-1/fb61e91a7dd622fb42d445ae4119a0e9.jpg,"睁眼重回三年前，儿媳我来罩是由李晓东,郑峰主演的一部短剧,年代穿越主演的一部短剧,年代穿越。"
年代穿越,激荡年代1980,未知,"景乐,柳卓青",中国大陆,2026,,2026-06-04,https://v10.ppqrrs.com/wjv10/202606/02/rCQuX1TEBK94/video/index.m3u8,https://duanju2.com/vod/45072.html,https://pic.youkupic.com/upload/vod/20260602-1/3fec98338a12a1409608f112558d6ddb.jpg,"激荡年代1980是由景乐,柳卓青主演的一部短剧,年代穿越主演的一部短剧,年代穿越。"
年代穿越,重回八零，拆穿假死前夫,未知,倪柏涵＆李泽全,中国大陆,2026,,2026-06-02,https://v9.ppqrrs.com/wjv9/202605/28/Q4nJWWVNXD92/video/index.m3u8,https://duanju2.com/vod/44880.html,https://pic.youkupic.com/upload/vod/20260528-1/1f02a7a756f134c5ed2294b7684e752d.jpg,"重回八零，拆穿假死前夫是由倪柏涵＆李泽全主演的一部短剧,年代穿越主演的一部短剧,年代穿越。"
年代穿越,天工开物，回古代发明蒸汽机,未知,王韵晴＆宋奕泽,中国大陆,2026,,2026-06-02,https://v8.ppqrrs.com/wjv8/202605/30/A86zg0XZWS88/video/index.m3u8,https://duanju2.com/vod/45010.html,https://pic.youkupic.com/upload/vod/20260530-1/4740c1395a1497f2395d1e4c19708518.jpg,"天工开物，回古代发明蒸汽机是由王韵晴＆宋奕泽主演的一部短剧,年代穿越主演的一部短剧,年代穿越。"
年代穿越,读心萌妻，她又甜又嚣张,未知,"唐丽雯,上官筠杰",中国大陆,2026,,2026-06-02,https://v1.ppqrrs.com/202605/30/T3bfxw7R9c96/video/index.m3u8,https://duanju2.com/vod/44935.html,https://pic.youkupic.com/upload/vod/20260530-1/784cd37ebb10c764f21407354c518e73.jpg,"读心萌妻，她又甜又嚣张是由唐丽雯,上官筠杰主演的一部短剧,年代穿越主演的一部短剧,年代穿越。"
年代穿越,重返1988：我能听到植物心声,未知,"陈禹铭,于岚",中国大陆,2026,,2026-06-02,https://v7.ppqrrs.com/wjv7/202605/30/j370h531HL94/video/index.m3u8,https://duanju2.com/vod/44932.html,https://pic.youkupic.com/upload/vod/20260530-1/d5af82b25d911279e87137a544db0803.jpg,"重返1988：我能听到植物心声是由陈禹铭,于岚主演的一部短剧,年代穿越主演的一部短剧,年代穿越。"
古装仙侠,白绫三尺惜红颜,未知,"吴竹照,觅七",中国大陆,2026,,2026-06-10,https://v4.ppqrrs.com/wjv4/202606/09/An7KMUFKaw88/video/index.m3u8,https://duanju2.com/vod/45353.html,https://pic.youkupic.com/upload/vod/20260609-1/aebb113ae64ee27a08ba3f545faf92e4.jpg,"白绫三尺惜红颜是由吴竹照,觅七主演的一部短剧,古装仙侠主演的一部短剧,古装仙侠。"
古装仙侠,锦衣卫：我天天抄家，陛下慌了,未知,"傅汉源,徐晨昕",中国大陆,2026,,2026-06-10,https://v11.ppqrrs.com/wjv11/202606/08/fUcTS8wHXX95/video/index.m3u8,https://duanju2.com/vod/45338.html,https://pic.youkupic.com/upload/vod/20260609-1/5dd342c9830d41a23993edbf5158e3db.jpg,"锦衣卫：我天天抄家，陛下慌了是由傅汉源,徐晨昕主演的一部短剧,古装仙侠主演的一部短剧,古装仙侠。"
古装仙侠,迷雾夜枭，女侠女捕该爱谁,未知,"扈帷,季恩羽",中国大陆,2026,,2026-06-09,https://v7.ppqrrs.com/wjv7/202606/08/N8aWdav68K94/video/index.m3u8,https://duanju2.com/vod/45340.html,https://pic.youkupic.com/upload/vod/20260609-1/a7c86f1dd2cc6981ab6c2c2a20f3958a.jpg,"迷雾夜枭，女侠女捕该爱谁是由扈帷,季恩羽主演的一部短剧,古装仙侠主演的一部短剧,古装仙侠。"
古装仙侠,仙人抚我顶之医武双绝,未知,"范经明,李佑金",中国大陆,2026,,2026-06-09,https://v11.ppqrrs.com/wjv11/202606/08/TCvC4VSvUd87/video/index.m3u8,https://duanju2.com/vod/45347.html,https://pic.youkupic.com/upload/vod/20260609-1/dfe3b751b338da4f75ddea5b0dfd02ad.jpg,"仙人抚我顶之医武双绝是由范经明,李佑金主演的一部短剧,古装仙侠主演的一部短剧,古装仙侠。"
古装仙侠,我的系统能合成万物,未知,"彭佳博,刘霖诺",中国大陆,2026,,2026-06-07,https://v2.ppqrrs.com/wjv2/202606/06/DF5G74hQTT95/video/index.m3u8,https://duanju2.com/vod/45246.html,https://pic.youkupic.com/upload/vod/20260606-1/c87151e441482967bc8ab1ffe0fd6f5b.jpg,"我的系统能合成万物是由彭佳博,刘霖诺主演的一部短剧,古装仙侠主演的一部短剧,古装仙侠。"
古装仙侠,纨绔夫妇玩转京城,未知,未知,中国大陆,2025,,2026-06-06,https://v12.ppqrrs.com/wjv12/202508/22/6vz4x60gi884/video/index.m3u8,https://duanju2.com/vod/26523.html,https://pic.youkupic.com/upload/vod/20250822-1/9105ba506644af253b9b399abd2d17b8.jpg,纨绔夫妇玩转京城是由未知主演的一部古装仙侠主演的一部古装仙侠。
古装仙侠,我的后代，个个都是仙苗,未知,"彭佳博,陈丹",中国大陆,2026,,2026-06-06,https://v4.ppqrrs.com/wjv4/202606/04/b3jmDbjkQ989/video/index.m3u8,https://duanju2.com/vod/45187.html,https://pic.youkupic.com/upload/vod/20260605-1/0b3a38d0aab9c7b52d6b732973b1dff7.jpg,"我的后代，个个都是仙苗是由彭佳博,陈丹主演的一部短剧,古装仙侠主演的一部短剧,古装仙侠。"
古装仙侠,六女背叛后，我觉醒了,未知,"厉家兵,李浠雯",中国大陆,2026,,2026-06-06,https://v8.ppqrrs.com/wjv8/202606/04/qbFEG4JWqi87/video/index.m3u8,https://duanju2.com/vod/45178.html,https://pic.youkupic.com/upload/vod/20260605-1/b2a8b0be401738115fa084e582226859.jpg,"六女背叛后，我觉醒了是由厉家兵,李浠雯主演的一部短剧,古装仙侠主演的一部短剧,古装仙侠。"
古装仙侠,我家大师兄实在是太不正经了,未知,"白龙,周若绮",中国大陆,2026,,2026-06-05,https://v1.ppqrrs.com/202606/02/zmT2RJ5gHQ97/video/index.m3u8,https://duanju2.com/vod/45105.html,https://pic.youkupic.com/upload/vod/20260603-1/ebc655f18d76d10b17a24008b67367f0.jpg,"我家大师兄实在是太不正经了是由白龙,周若绮主演的一部短剧,古装仙侠主演的一部短剧,古装仙侠。"
古装仙侠,反派：退婚女主后，我成了大帝,未知,"刘俊锋,徐一礼",中国大陆,2026,,2026-06-05,https://v3.ppqrrs.com/wjv3/202606/02/e8Ry93Avwd97/video/index.m3u8,https://duanju2.com/vod/45101.html,https://pic.youkupic.com/upload/vod/20260603-1/5be7afddd8830e12a9d078c12e3149a9.jpg,"反派：退婚女主后，我成了大帝是由刘俊锋,徐一礼主演的一部短剧,古装仙侠主演的一部短剧,古装仙侠。"
古装仙侠,父皇，江山该归我,未知,"何子杰,宣宣",中国大陆,2026,,2026-06-05,https://v8.ppqrrs.com/wjv8/202606/02/KcVL8riKHr90/video/index.m3u8,https://duanju2.com/vod/45111.html,https://pic.youkupic.com/upload/vod/20260603-1/8cb421bbe4de22474ec7ee302eb90855.jpg,"父皇，江山该归我是由何子杰,宣宣主演的一部短剧,古装仙侠主演的一部短剧,古装仙侠。"
古装仙侠,权御山河,未知,"都钊,索菲",中国大陆,2026,,2026-06-05,https://v5.ppqrrs.com/wjv5/202606/02/CtkDZSJSKA97/video/index.m3u8,https://duanju2.com/vod/45110.html,https://pic.youkupic.com/upload/vod/20260603-1/0551cb1bf1f52f2c850277ceb09bbb70.jpg,"权御山河是由都钊,索菲主演的一部短剧,古装仙侠主演的一部短剧,古装仙侠。"
古装仙侠,透视之瞳：鉴宝治病纵横都市,未知,"肖泽楷,罗马",中国大陆,2026,,2026-06-05,https://v1.ppqrrs.com/202606/03/Dt8BzWFNwN95/video/index.m3u8,https://duanju2.com/vod/45150.html,https://pic.youkupic.com/upload/vod/20260604-1/94064a979678e2c82cbfbd4eb20e993c.jpg,"透视之瞳：鉴宝治病纵横都市是由肖泽楷,罗马主演的一部短剧,古装仙侠主演的一部短剧,古装仙侠。"
古装仙侠,替弟入赘后，我靠实力封王,未知,"孙雪阳,温如意",中国大陆,2026,,2026-06-05,https://v11.ppqrrs.com/wjv11/202606/03/nfpsyD18nP88/video/index.m3u8,https://duanju2.com/vod/45141.html,https://pic.youkupic.com/upload/vod/20260604-1/aa4699829acb6e932d87b53b1a0d5956.jpg,"替弟入赘后，我靠实力封王是由孙雪阳,温如意主演的一部短剧,古装仙侠主演的一部短剧,古装仙侠。"
古装仙侠,重活一世我成了修真界女战神,未知,"程梓,高旻睿",中国大陆,2026,,2026-06-04,https://v1.ppqrrs.com/202606/01/cXKSJ2ifQg96/video/index.m3u8,https://duanju2.com/vod/45035.html,https://pic.youkupic.com/upload/vod/20260601-1/3b05d48a3606f700a297184775d22745.jpg,"重活一世我成了修真界女战神是由程梓,高旻睿主演的一部短剧,古装仙侠主演的一部短剧,古装仙侠。"
古装仙侠,福星公主到，皇上成了女儿奴,未知,"钟煜霖,李安彤",中国大陆,2026,,2026-06-04,https://v3.ppqrrs.com/wjv3/202606/01/yqckSncThT94/video/index.m3u8,https://duanju2.com/vod/45032.html,https://pic.youkupic.com/upload/vod/20260601-1/90e62be02519bd1ff78195948b0c95ec.jpg,"福星公主到，皇上成了女儿奴是由钟煜霖,李安彤主演的一部短剧,古装仙侠主演的一部短剧,古装仙侠。"
古装仙侠,修炼后我无敌了你瞒着我干什么,未知,"梅子健,栗子",中国大陆,2026,,2026-06-04,https://v9.ppqrrs.com/wjv9/202606/02/dzfrK4XBvg92/video/index.m3u8,https://duanju2.com/vod/45063.html,https://pic.youkupic.com/upload/vod/20260602-1/3b178ff243d98a026d4ff2ef98262dc7.jpg,"修炼后我无敌了你瞒着我干什么是由梅子健,栗子主演的一部短剧,古装仙侠主演的一部短剧,古装仙侠。"
古装仙侠,穿成侯门恶母我反手扇醒世子,未知,王昱赫&熊玉婷,中国大陆,2026,,2026-06-02,https://v7.ppqrrs.com/wjv7/202605/28/cS9jxxU8PE89/video/index.m3u8,https://duanju2.com/vod/44921.html,https://pic.youkupic.com/upload/vod/20260528-1/258dde39d1d9f4b9b1551eb90f884df0.jpg,"穿成侯门恶母我反手扇醒世子是由王昱赫&熊玉婷主演的一部短剧,古装仙侠主演的一部短剧,古装仙侠。"
古装仙侠,绝命悍妻,未知,"麻家铭,孟璐",中国大陆,2026,,2026-06-02,https://v7.ppqrrs.com/wjv7/202605/30/AzL3GDdLCM87/video/index.m3u8,https://duanju2.com/vod/44937.html,https://pic.youkupic.com/upload/vod/20260530-1/927f7291dbc07def86ac5d87f96b0434.jpg,"绝命悍妻是由麻家铭,孟璐主演的一部短剧,古装仙侠主演的一部短剧,古装仙侠。"
古装仙侠,凡骨2：斩魔篇,未知,"王珞嘉,刘容榕,恩璟,寇诗翎",中国大陆,2026,,2026-06-02,https://v4.ppqrrs.com/wjv4/202605/30/4fuQVd1BQr93/video/index.m3u8,https://duanju2.com/vod/44953.html,https://pic.youkupic.com/upload/vod/20260530-1/4b413a42495288634153f28de2ca8ad3.jpg,"凡骨2：斩魔篇是由王珞嘉,刘容榕,恩璟,寇诗翎主演的一部短剧,古装仙侠主演的一部短剧,古装仙侠。"
现代都市,荆棘入室,未知,"韩佳芯,计佳羽",中国大陆,2026,,2026-06-10,https://v7.ppqrrs.com/wjv7/202606/09/kNCsvf3AV187/video/index.m3u8,https://duanju2.com/vod/45354.html,https://pic.youkupic.com/upload/vod/20260609-1/26d15a8e2c2efa6578cfe8b61ee2088c.jpg,"荆棘入室是由韩佳芯,计佳羽主演的一部短剧,现代都市主演的一部短剧,现代都市。"
现代都市,保安逆袭：我的工资每月上亿,未知,"史宣洪,言译迦",中国大陆,2026,,2026-06-10,https://v6.ppqrrs.com/wjv6/202606/09/hsxhkDYnBR94/video/index.m3u8,https://duanju2.com/vod/45350.html,https://pic.youkupic.com/upload/vod/20260609-1/e2b7ae472185d79ccabbe5d0a1d0eae1.jpg,"保安逆袭：我的工资每月上亿是由史宣洪,言译迦主演的一部短剧,现代都市主演的一部短剧,现代都市。"
现代都市,哎呀！撞到你心上,未知,"王轩,常丹丹",中国大陆,2026,,2026-06-10,https://v6.ppqrrs.com/wjv6/202606/09/SPSMb0cFY687/video/index.m3u8,https://duanju2.com/vod/45351.html,https://pic.youkupic.com/upload/vod/20260609-1/3882170ec8eca5c80b078c8c8c358f8e.jpg,"哎呀！撞到你心上是由王轩,常丹丹主演的一部短剧,现代都市主演的一部短剧,现代都市。"
现代都市,东北爱情往事2,未知,"刘浩群,郭宇欣",中国大陆,2026,,2026-06-10,https://v4.ppqrrs.com/wjv4/202606/09/NCesQAxKnW92/video/index.m3u8,https://duanju2.com/vod/45349.html,https://pic.youkupic.com/upload/vod/20260609-1/dba8d09a9b9bab57a942cb69c0727fb1.jpg,"东北爱情往事2是由刘浩群,郭宇欣主演的一部短剧,现代都市主演的一部短剧,现代都市。"
现代都市,别惹清醒婆婆，真不好惹,未知,金金＆天天,中国大陆,2026,,2026-06-10,https://v7.ppqrrs.com/wjv7/202606/09/AkHx9imzDB90/video/index.m3u8,https://duanju2.com/vod/45408.html,https://pic.youkupic.com/upload/vod/20260610-1/458d153c4fa9023e5806df16030704af.jpg,"别惹清醒婆婆，真不好惹是由金金＆天天主演的一部短剧,现代都市主演的一部短剧,现代都市。"
现代都市,半生付出换心寒,未知,刘笑卉＆王若昭,中国大陆,2026,,2026-06-10,https://v3.ppqrrs.com/wjv3/202606/09/tJrNRukS5P97/video/index.m3u8,https://duanju2.com/vod/45407.html,https://pic.youkupic.com/upload/vod/20260610-1/a7011f59156b32045f8fdce500461a60.jpg,"半生付出换心寒是由刘笑卉＆王若昭主演的一部短剧,现代都市主演的一部短剧,现代都市。"
现代都市,天桥算命女总裁跪求我出山,未知,赵志盟＆张颖洁,中国大陆,2026,,2026-06-10,https://v6.ppqrrs.com/wjv6/202606/09/VG3hZAHMDX89/video/index.m3u8,https://duanju2.com/vod/45406.html,https://pic.youkupic.com/upload/vod/20260610-1/bd25efce27084f851f16e0caf1261ab6.jpg,"天桥算命女总裁跪求我出山是由赵志盟＆张颖洁主演的一部短剧,现代都市主演的一部短剧,现代都市。"
现代都市,我在莞城一手遮天,未知,谢海青＆王雨茜,中国大陆,2026,,2026-06-10,https://v7.ppqrrs.com/wjv7/202606/09/h1gv8t9Z2E90/video/index.m3u8,https://duanju2.com/vod/45405.html,https://pic.youkupic.com/upload/vod/20260610-1/32e9864dde22d06db1d069169ef28a4c.jpg,"我在莞城一手遮天是由谢海青＆王雨茜主演的一部短剧,现代都市主演的一部短剧,现代都市。"
现代都市,结婚二十年，我不再忍气吞声,未知,易馨＆王莎莎,中国大陆,2026,,2026-06-10,https://v11.ppqrrs.com/wjv11/202606/09/jetSLtFkWf87/video/index.m3u8,https://duanju2.com/vod/45404.html,https://pic.youkupic.com/upload/vod/20260610-1/6c7d9c43232b6e2269e45aa83a547f5d.jpg,"结婚二十年，我不再忍气吞声是由易馨＆王莎莎主演的一部短剧,现代都市主演的一部短剧,现代都市。"
现代都市,舔狗觉醒，被裁员后我返现无上,未知,项泰诚＆马薇,中国大陆,2026,,2026-06-10,https://v9.ppqrrs.com/wjv9/202606/09/Av602LSHsA88/video/index.m3u8,https://duanju2.com/vod/45403.html,https://pic.youkupic.com/upload/vod/20260610-1/4b78fb748dc72cb9a5fd91e8af026698.jpg,"舔狗觉醒，被裁员后我返现无上是由项泰诚＆马薇主演的一部短剧,现代都市主演的一部短剧,现代都市。"
现代都市,规矩是你定的，破产是你选的,未知,王姝懿＆赵焕城,中国大陆,2026,,2026-06-10,https://v3.ppqrrs.com/wjv3/202606/09/sX8Yfg56bM97/video/index.m3u8,https://duanju2.com/vod/45402.html,https://pic.youkupic.com/upload/vod/20260610-1/6473a7f738454afe881257f5a3558087.jpg,"规矩是你定的，破产是你选的是由王姝懿＆赵焕城主演的一部短剧,现代都市主演的一部短剧,现代都市。"
现代都市,试用期老公,未知,陈拳＆声声,中国大陆,2026,,2026-06-10,https://v7.ppqrrs.com/wjv7/202606/09/HcAAtB0HUW93/video/index.m3u8,https://duanju2.com/vod/45401.html,https://pic.youkupic.com/upload/vod/20260610-1/64e2ad68f53c3d280375bcfbedd0ecb5.jpg,"试用期老公是由陈拳＆声声主演的一部短剧,现代都市主演的一部短剧,现代都市。"
现代都市,误入直播间，我清算一切,未知,芮熙＆周恒远,中国大陆,2026,,2026-06-10,https://v2.ppqrrs.com/wjv2/202606/09/U8j0ku9t6296/video/index.m3u8,https://duanju2.com/vod/45400.html,https://pic.youkupic.com/upload/vod/20260610-1/e23d1ff445998142dcfb70d4fe3b04f5.jpg,"误入直播间，我清算一切是由芮熙＆周恒远主演的一部短剧,现代都市主演的一部短剧,现代都市。"
现代都市,逆袭程序员：系统带我闯巅峰,未知,史宣洪＆潘嘉荷,中国大陆,2026,,2026-06-10,https://v10.ppqrrs.com/wjv10/202606/09/uHqj9b7J2L93/video/index.m3u8,https://duanju2.com/vod/45399.html,https://pic.youkupic.com/upload/vod/20260610-1/e4de71ca128e3a25878604b5d12b04f7.jpg,"逆袭程序员：系统带我闯巅峰是由史宣洪＆潘嘉荷主演的一部短剧,现代都市主演的一部短剧,现代都市。"
现代都市,重生后，我予女儿万千宠爱,未知,贺馨慧＆张萱萱,中国大陆,2026,,2026-06-10,https://v8.ppqrrs.com/wjv8/202606/09/F0RW67MAEu95/video/index.m3u8,https://duanju2.com/vod/45397.html,https://pic.youkupic.com/upload/vod/20260610-1/ffb52c052805bce28dec2025e2660b27.jpg,"重生后，我予女儿万千宠爱是由贺馨慧＆张萱萱主演的一部短剧,现代都市主演的一部短剧,现代都市。"
现代都市,拒当舔狗后我化身护妻狂魔,未知,"王名扬,徐东艺",中国大陆,2026,,2026-06-09,https://v6.ppqrrs.com/wjv6/202606/08/r596WVdARG91/video/index.m3u8,https://duanju2.com/vod/45344.html,https://pic.youkupic.com/upload/vod/20260609-1/8deb36415ad536d345e868b201804c3b.jpg,"拒当舔狗后我化身护妻狂魔是由王名扬,徐东艺主演的一部短剧,现代都市主演的一部短剧,现代都市。"
现代都市,放弃家产后，我荣耀归来,未知,"辰星,薛琪慧",中国大陆,2026,,2026-06-09,https://v10.ppqrrs.com/wjv10/202606/08/J9fcHYKspE87/video/index.m3u8,https://duanju2.com/vod/45343.html,https://pic.youkupic.com/upload/vod/20260609-1/8f4217a188dfaa2d41553b469f988d20.jpg,"放弃家产后，我荣耀归来是由辰星,薛琪慧主演的一部短剧,现代都市主演的一部短剧,现代都市。"
现代都市,直播开挂：我亲手把他送上热搜,未知,"熊玉婷,杜昱泽",中国大陆,2026,,2026-06-09,https://v5.ppqrrs.com/wjv5/202606/08/DgsvYFpxTd87/video/index.m3u8,https://duanju2.com/vod/45341.html,https://pic.youkupic.com/upload/vod/20260609-1/2de29a5e0779c205b99893ddca318d81.jpg,"直播开挂：我亲手把他送上热搜是由熊玉婷,杜昱泽主演的一部短剧,现代都市主演的一部短剧,现代都市。"
现代都市,万人之上,未知,未知,中国大陆,2024,,2026-06-09,https://v12.ppqrrs.com/wjv12/202408/29/4fC54CWtJt84/video/index.m3u8,https://duanju2.com/vod/11157.html,https://img.picbf.com/upload/vod/20240917-1/af07da8f4edbe2f977a87e806d6e252f.jpeg,万人之上是由未知主演的一部现代都市主演的一部现代都市。
现代都市,捡到小乖宝后，病娇爸爸从良了,未知,"段少卿,张晓阅",中国大陆,2026,,2026-06-09,https://v2.ppqrrs.com/wjv2/202606/08/kdgiACfBfg93/video/index.m3u8,https://duanju2.com/vod/45332.html,https://pic.youkupic.com/upload/vod/20260608-1/c22d662c51f0e545d321a39a5c121118.jpg,"捡到小乖宝后，病娇爸爸从良了是由段少卿,张晓阅主演的一部短剧,现代都市主演的一部短剧,现代都市。"
反转,婚后十年，婆婆竟然是假的,未知,任云蛟＆嘉玮,中国大陆,2026,,2026-06-10,https://v11.ppqrrs.com/wjv11/202606/10/Z4xf6QU6ha94/video/index.m3u8,https://duanju2.com/vod/45396.html,https://pic.youkupic.com/upload/vod/20260610-1/bd21e13005554aea1fcc0fa935b0df53.jpg,"婚后十年，婆婆竟然是假的是由任云蛟＆嘉玮主演的一部短剧,反转爽主演的一部短剧,反转爽。"
反转,投资重生女帝，她竟叫我相公,未知,"万羽沫,孙景琛",中国大陆,2026,,2026-06-06,https://v5.ppqrrs.com/wjv5/202606/04/X8BBGHiySf96/video/index.m3u8,https://duanju2.com/vod/45189.html,https://pic.youkupic.com/upload/vod/20260605-1/f41405e1399489e4791569caa4e19ac7.jpg,"投资重生女帝，她竟叫我相公是由万羽沫,孙景琛主演的一部短剧,反转爽主演的一部短剧,反转爽。"
反转,我靠御兽发家致富2026,未知,未知,地球,2026,,2026-06-05,https://v10.baofeng10.com/video/wokaoyushoufajiazhifu2026/cfe8ec7eaf79/index.m3u8,https://duanju2.com/vod/45218.html,https://img.picbf.com/upload/vod/20260605-1/f3f65d9ea8dc6e2c44c0b285a8429ba8.jpg,我靠御兽发家致富2026是由未知主演的一部反转爽文主演的一部反转爽文。暂无简介，敬请期待
反转,系统BUG，我竟然成了宗门圣女,未知,"辛一,顾梢姌",中国大陆,2026,,2026-06-02,https://v5.ppqrrs.com/wjv5/202605/30/yfq8Fcanhf95/video/index.m3u8,https://duanju2.com/vod/44938.html,https://pic.youkupic.com/upload/vod/20260530-1/16a2f3d96461aa7299fcc663a71570a0.jpg,"系统BUG，我竟然成了宗门圣女是由辛一,顾梢姌主演的一部短剧,反转爽主演的一部短剧,反转爽。"
反转,错嫁进村后，老公竟是养猪大户,未知,"林昱希,邹佳佳",中国大陆,2026,,2026-06-02,https://v7.ppqrrs.com/wjv7/202605/30/uCPs46Sftc87/video/index.m3u8,https://duanju2.com/vod/44931.html,https://pic.youkupic.com/upload/vod/20260530-1/b16e8ae92f1ba562d97e47ec1eb3da03.jpg,"错嫁进村后，老公竟是养猪大户是由林昱希,邹佳佳主演的一部短剧,反转爽主演的一部短剧,反转爽。"
反转,修仙系统！我竟跟妖怪谈起了恋爱,未知,"李家豪,胡艺瀚",中国大陆,2026,,2026-06-01,https://v10.ppqrrs.com/wjv10/202605/27/sKCVHZ0zJp95/video/index.m3u8,https://duanju2.com/vod/44825.html,https://pic.youkupic.com/upload/vod/20260527-1/b4aa67c8c47515af33d7af575237f175.jpg,"修仙系统！我竟跟妖怪谈起了恋爱是由李家豪,胡艺瀚主演的一部短剧,反转爽主演的一部短剧,反转爽。"
反转,回国后，我让妹夫一家后悔莫及,未知,未知,地球,0,,2026-05-27,https://v10.baofeng10.com/video/huiguohouworangmeifuyijiahouhuimoji/5d29f19f0cfa/index.m3u8,https://duanju2.com/vod/44841.html,https://img.picbf.com/upload/vod/20260527-1/2bb5c69e0fa7730c329053c8b2184d64.jpg,回国后，我让妹夫一家后悔莫及是由未知主演的一部反转爽文主演的一部反转爽文。暂无简介，敬请期待
反转,电视里的死亡预告,未知,未知,地球,0,,2026-05-16,https://v10.baofeng10.com/video/dianshilidesiwangyugao/d62061262650/index.m3u8,https://duanju2.com/vod/44389.html,https://img.picbf.com/upload/vod/20260516-1/0362d3926fb8d29c7a8d5f5d2eb3de48.jpg,电视里的死亡预告是由未知主演的一部反转爽文主演的一部反转爽文。暂无简介，敬请期待
反转,功夫丈母娘,未知,未知,地球,0,,2026-05-16,https://v10.baofeng10.com/video/gongfuzhangmuniang/40906fb1469c/index.m3u8,https://duanju2.com/vod/44388.html,https://img.picbf.com/upload/vod/20260516-1/f0fa39af72bba1e6895676bbc9c6ecd2.jpg,功夫丈母娘是由未知主演的一部反转爽文主演的一部反转爽文。暂无简介，敬请期待
反转,诱阱,未知,未知,地球,0,,2026-05-16,https://v10.baofeng10.com/video/youjing/a36a140311bd/index.m3u8,https://duanju2.com/vod/44387.html,https://img.picbf.com/upload/vod/20260516-1/c4152df918bb32f3a19add1aa9b81f33.jpg,诱阱是由未知主演的一部反转爽文主演的一部反转爽文。暂无简介，敬请期待
反转,什么，三叔公竟是在世仙人,未知,"冯立平,赵毓杰",中国大陆,2026,,2026-05-15,https://v6.ppqrrs.com/wjv6/202605/14/hSvwGFKp4W93/video/index.m3u8,https://duanju2.com/vod/44268.html,https://pic.youkupic.com/upload/vod/20260514-1/29dd7650d2fa72186c0d70ac3269455b.jpg,"什么，三叔公竟是在世仙人是由冯立平,赵毓杰主演的一部短剧,反转爽主演的一部短剧,反转爽。"
反转,人到中年才发现我竟是真少爷,未知,"罗鹏,丁榆",中国大陆,2026,,2026-05-13,https://v11.ppqrrs.com/wjv11/202605/11/syH3LH6eTB87/video/index.m3u8,https://duanju2.com/vod/44167.html,https://pic.youkupic.com/upload/vod/20260511-1/8ed2b1023d416e25e8ecd70f6173c372.jpg,"人到中年才发现我竟是真少爷是由罗鹏,丁榆主演的一部短剧,反转爽主演的一部短剧,反转爽。"
反转,资本运作之千面美女蛇,未知,未知,地球,0,,2026-05-11,https://v10.baofeng10.com/video/zibenyunzuozhiqianmianmeinvshe/1a7e0beed7ea/index.m3u8,https://duanju2.com/vod/44147.html,https://img.picbf.com/upload/vod/20260511-1/81436f3c7650d32d445c95828c54c02a.jpg,资本运作之千面美女蛇是由未知主演的一部反转爽文主演的一部反转爽文。暂无简介，敬请期待
反转,离婚后她名动商界,未知,未知,大陆,2025,,2026-05-09,https://v12.ppqrrs.com/wjv12/202503/15/nuMDE0ssxi84/video/index.m3u8,https://duanju2.com/vod/18956.html,https://pic.youkupic.com/upload/vod/20250315-1/be636376c493e1d09c8b68aefa0e2d78.png,离婚后她名动商界是由未知主演的一部反转爽主演的一部反转爽。
反转,神探吴南2：世纪悬案,未知,未知,地球,0,,2026-05-08,https://v10.baofeng10.com/video/shentanwunan2shijixuanan/ca1167a3634b/index.m3u8,https://duanju2.com/vod/44034.html,https://img.picbf.com/upload/vod/20260508-1/b4bfa81affb415535018e4e37ab451a0.jpg,神探吴南2：世纪悬案是由未知主演的一部反转爽文主演的一部反转爽文。暂无简介，敬请期待
反转,除恶2026,未知,未知,地球,0,,2026-05-08,https://v10.baofeng10.com/video/chue2026/ca564531f1ac/index.m3u8,https://duanju2.com/vod/44033.html,https://img.picbf.com/upload/vod/20260508-1/f6db29556f57411642666a312c0984e0.jpeg,除恶2026是由未知主演的一部反转爽文主演的一部反转爽文。暂无简介，敬请期待
反转,杀人蜂2026,未知,未知,地球,0,,2026-05-06,https://v10.baofeng10.com/video/sharenfeng2026/9a32f8b2d13e/index.m3u8,https://duanju2.com/vod/43919.html,https://img.picbf.com/upload/vod/20260506-1/c1e5d80f7975e4440099dbbc08b9c306.jpg,杀人蜂2026是由未知主演的一部反转爽文主演的一部反转爽文。暂无简介，敬请期待
反转,从赘婿到世界之巅,未知,莫书铭&苏文文,地球,2026,,2026-05-04,https://v10.baofeng10.com/video/congzhuixudaoshijiezhidian/b23b16b0a3f9/index.m3u8,https://duanju2.com/vod/43766.html,https://img.picbf.com/upload/vod/20260503-1/f8db06ca77089246d0beaa9ab3947993.jpg,从赘婿到世界之巅是由莫书铭&苏文文主演的一部反转爽文主演的一部反转爽文。暂无简介，敬请期待
反转,替嫁杀手：我天生冷血，从不服软,未知,未知,地球,0,,2026-05-03,https://v10.baofeng10.com/video/tijiashashouwotianshenglengxuecongbufuruan/c1c162eed7f4/index.m3u8,https://duanju2.com/vod/43767.html,https://img.picbf.com/upload/vod/20260502-1/a78de77ed43636d5b89f318660e66148.jpg,替嫁杀手：我天生冷血，从不服软是由未知主演的一部反转爽文主演的一部反转爽文。暂无简介，敬请期待
反转,老祖宗竟是我自己,未知,"都钊,林嘉慧",中国大陆,2026,,2026-05-02,https://v4.ppqrrs.com/wjv4/202605/01/s7tGTUNsH588/video/index.m3u8,https://duanju2.com/vod/43687.html,https://pic.youkupic.com/upload/vod/20260502-1/ca9ee4279ddae7ed334224c73c95598f.jpg,"老祖宗竟是我自己是由都钊,林嘉慧主演的一部短剧,反转爽主演的一部短剧,反转爽。"
爽文,我靠御兽发家致富2026,未知,未知,地球,2026,,2026-06-05,https://v10.baofeng10.com/video/wokaoyushoufajiazhifu2026/cfe8ec7eaf79/index.m3u8,https://duanju2.com/vod/45218.html,https://img.picbf.com/upload/vod/20260605-1/f3f65d9ea8dc6e2c44c0b285a8429ba8.jpg,我靠御兽发家致富2026是由未知主演的一部反转爽文主演的一部反转爽文。暂无简介，敬请期待
爽文,回国后，我让妹夫一家后悔莫及,未知,未知,地球,0,,2026-05-27,https://v10.baofeng10.com/video/huiguohouworangmeifuyijiahouhuimoji/5d29f19f0cfa/index.m3u8,https://duanju2.com/vod/44841.html,https://img.picbf.com/upload/vod/20260527-1/2bb5c69e0fa7730c329053c8b2184d64.jpg,回国后，我让妹夫一家后悔莫及是由未知主演的一部反转爽文主演的一部反转爽文。暂无简介，敬请期待
爽文,逃出大英博物馆,煎饼果仔,"夏天妹妹,张问初",内地,2026,,2026-05-16,https://v6.yuglf.com/202311/09/zSKhdwBrRx1/video/index.m3u8,https://duanju2.com/vod/956.html,https://snzypic.vip/upload/vod/20231109-1/af74838bafca19999d70fbbefa59c391.jpg,"逃出大英博物馆是由夏天妹妹,张问初主演的一部网剧,爽文短主演的一部网剧,爽文短。由网络用户夏天（网络名称：夏天妹妹）和煎饼（网络名称：煎饼果仔）共同拍摄制作的短剧《逃出大英博物馆》8月30日在抖音、B站、微博上线播出。该剧主要讲述了大英博物馆中化成人形而后逃出的玉壶精，在英国碰巧撞上了奇异的“同乡”记者，并央求其带自己返回家乡的故事。　　两位主创以引发全球关注的大英博物馆被盗的新闻为灵感，他们推掉其他工作，花费三个月时间远赴英国进行拍摄，致力于唤醒国人对流失海外的文物的关注，也彰显出了自媒体人的责任与价值。"
爽文,电视里的死亡预告,未知,未知,地球,0,,2026-05-16,https://v10.baofeng10.com/video/dianshilidesiwangyugao/d62061262650/index.m3u8,https://duanju2.com/vod/44389.html,https://img.picbf.com/upload/vod/20260516-1/0362d3926fb8d29c7a8d5f5d2eb3de48.jpg,电视里的死亡预告是由未知主演的一部反转爽文主演的一部反转爽文。暂无简介，敬请期待
爽文,功夫丈母娘,未知,未知,地球,0,,2026-05-16,https://v10.baofeng10.com/video/gongfuzhangmuniang/40906fb1469c/index.m3u8,https://duanju2.com/vod/44388.html,https://img.picbf.com/upload/vod/20260516-1/f0fa39af72bba1e6895676bbc9c6ecd2.jpg,功夫丈母娘是由未知主演的一部反转爽文主演的一部反转爽文。暂无简介，敬请期待
爽文,诱阱,未知,未知,地球,0,,2026-05-16,https://v10.baofeng10.com/video/youjing/a36a140311bd/index.m3u8,https://duanju2.com/vod/44387.html,https://img.picbf.com/upload/vod/20260516-1/c4152df918bb32f3a19add1aa9b81f33.jpg,诱阱是由未知主演的一部反转爽文主演的一部反转爽文。暂无简介，敬请期待
爽文,资本运作之千面美女蛇,未知,未知,地球,0,,2026-05-11,https://v10.baofeng10.com/video/zibenyunzuozhiqianmianmeinvshe/1a7e0beed7ea/index.m3u8,https://duanju2.com/vod/44147.html,https://img.picbf.com/upload/vod/20260511-1/81436f3c7650d32d445c95828c54c02a.jpg,资本运作之千面美女蛇是由未知主演的一部反转爽文主演的一部反转爽文。暂无简介，敬请期待
爽文,神探吴南2：世纪悬案,未知,未知,地球,0,,2026-05-08,https://v10.baofeng10.com/video/shentanwunan2shijixuanan/ca1167a3634b/index.m3u8,https://duanju2.com/vod/44034.html,https://img.picbf.com/upload/vod/20260508-1/b4bfa81affb415535018e4e37ab451a0.jpg,神探吴南2：世纪悬案是由未知主演的一部反转爽文主演的一部反转爽文。暂无简介，敬请期待
爽文,除恶2026,未知,未知,地球,0,,2026-05-08,https://v10.baofeng10.com/video/chue2026/ca564531f1ac/index.m3u8,https://duanju2.com/vod/44033.html,https://img.picbf.com/upload/vod/20260508-1/f6db29556f57411642666a312c0984e0.jpeg,除恶2026是由未知主演的一部反转爽文主演的一部反转爽文。暂无简介，敬请期待
爽文,杀人蜂2026,未知,未知,地球,0,,2026-05-06,https://v10.baofeng10.com/video/sharenfeng2026/9a32f8b2d13e/index.m3u8,https://duanju2.com/vod/43919.html,https://img.picbf.com/upload/vod/20260506-1/c1e5d80f7975e4440099dbbc08b9c306.jpg,杀人蜂2026是由未知主演的一部反转爽文主演的一部反转爽文。暂无简介，敬请期待
爽文,从赘婿到世界之巅,未知,莫书铭&苏文文,地球,2026,,2026-05-04,https://v10.baofeng10.com/video/congzhuixudaoshijiezhidian/b23b16b0a3f9/index.m3u8,https://duanju2.com/vod/43766.html,https://img.picbf.com/upload/vod/20260503-1/f8db06ca77089246d0beaa9ab3947993.jpg,从赘婿到世界之巅是由莫书铭&苏文文主演的一部反转爽文主演的一部反转爽文。暂无简介，敬请期待
爽文,替嫁杀手：我天生冷血，从不服软,未知,未知,地球,0,,2026-05-03,https://v10.baofeng10.com/video/tijiashashouwotianshenglengxuecongbufuruan/c1c162eed7f4/index.m3u8,https://duanju2.com/vod/43767.html,https://img.picbf.com/upload/vod/20260502-1/a78de77ed43636d5b89f318660e66148.jpg,替嫁杀手：我天生冷血，从不服软是由未知主演的一部反转爽文主演的一部反转爽文。暂无简介，敬请期待
爽文,窥2026,未知,未知,地球,0,,2026-04-28,https://v10.baofeng10.com/video/kui2026/183fd4650500/index.m3u8,https://duanju2.com/vod/43516.html,https://img.picbf.com/upload/vod/20260428-1/5d8655f07c2bb5fbbab02e82780c42c1.jpg,窥2026是由未知主演的一部反转爽文主演的一部反转爽文。暂无简介，敬请期待
爽文,远嫁被欺我反手掀桌！,未知,未知,地球,0,,2026-04-28,https://v10.baofeng10.com/video/yuanjiabeiqiwofanshouxianzhuo/bc580809bcc3/index.m3u8,https://duanju2.com/vod/43476.html,https://img.picbf.com/upload/vod/20260427-1/91ebcd8bcf055326fee6041cf2231d4f.jpg,远嫁被欺我反手掀桌！是由未知主演的一部反转爽文主演的一部反转爽文。暂无简介，敬请期待
爽文,妈妈要嫁人,未知,未知,地球,0,,2026-04-27,https://v10.baofeng10.com/video/mamayaojiaren/467e95ea748e/index.m3u8,https://duanju2.com/vod/43422.html,https://img.picbf.com/upload/vod/20260427-1/083a1cf17d54d7af736c129f506e18cc.jpg,妈妈要嫁人是由未知主演的一部反转爽文主演的一部反转爽文。暂无简介，敬请期待
爽文,财神赐福，我的双眼能透视,未知,未知,地球,0,,2026-04-25,https://v10.baofeng10.com/video/caishencifuwodeshuangyannengtoushi/74f31f4a78c1/index.m3u8,https://duanju2.com/vod/43315.html,https://img.picbf.com/upload/vod/20260425-1/b3a3f348211e1ee38f80a397c2e2d104.jpg,财神赐福，我的双眼能透视是由未知主演的一部反转爽文主演的一部反转爽文。暂无简介，敬请期待
爽文,透视小保安：我以神瞳鉴乾坤,未知,未知,地球,0,,2026-04-24,https://v.baofeng10.com/video/toushixiaobaoanwoyishentongjianqiankun/3146986147cf/index.m3u8,https://duanju2.com/vod/43268.html,https://img.picbf.com/upload/vod/20260424-1/f2c44a3d66a8b1386f345b8a91ee320d.jpg,透视小保安：我以神瞳鉴乾坤是由未知主演的一部反转爽文主演的一部反转爽文。暂无简介，敬请期待
爽文,外卖员的午夜禁忌,未知,"甄果策,张子七,邓博涵",地球,2026,,2026-04-21,https://v.baofeng10.com/video/waimaiyuandewuyejinji/6b867afc114f/index.m3u8,https://duanju2.com/vod/43009.html,https://img.picbf.com/upload/vod/20260420-1/316057b41ffb6f04f5badd945c4f211c.jpeg,"外卖员的午夜禁忌是由甄果策,张子七,邓博涵主演的一部反转爽文主演的一部反转爽文。暂无简介，敬请期待"
爽文,小卖部通末世：开局泡面换黄金,未知,"王驰,谢蕊伊",地球,2026,,2026-04-21,https://v.baofeng10.com/video/xiaomaibutongmoshikaijupaomianhuanhuangjin/8cd31108baeb/index.m3u8,https://duanju2.com/vod/43008.html,https://img.picbf.com/upload/vod/20260420-1/b9910e9c6b5f5f720dc3f1f44af3dacf.jpeg,"小卖部通末世：开局泡面换黄金是由王驰,谢蕊伊主演的一部反转爽文主演的一部反转爽文。暂无简介，敬请期待"
爽文,长白山神,未知,"赵书苑,杨芳,宁海",地球,2026,,2026-04-21,https://v.baofeng10.com/video/changbaishanshen/14f22dc0fdf6/index.m3u8,https://duanju2.com/vod/43007.html,https://img.picbf.com/upload/vod/20260420-1/c476b18b18d34ecaafe6d20efbeab731.jpeg,"长白山神是由赵书苑,杨芳,宁海主演的一部反转爽文主演的一部反转爽文。暂无简介，敬请期待"
短剧,荆棘入室,未知,"韩佳芯,计佳羽",中国大陆,2026,,2026-06-10,https://v7.ppqrrs.com/wjv7/202606/09/kNCsvf3AV187/video/index.m3u8,https://duanju2.com/vod/45354.html,https://pic.youkupic.com/upload/vod/20260609-1/26d15a8e2c2efa6578cfe8b61ee2088c.jpg,"荆棘入室是由韩佳芯,计佳羽主演的一部短剧,现代都市主演的一部短剧,现代都市。"
短剧,保安逆袭：我的工资每月上亿,未知,"史宣洪,言译迦",中国大陆,2026,,2026-06-10,https://v6.ppqrrs.com/wjv6/202606/09/hsxhkDYnBR94/video/index.m3u8,https://duanju2.com/vod/45350.html,https://pic.youkupic.com/upload/vod/20260609-1/e2b7ae472185d79ccabbe5d0a1d0eae1.jpg,"保安逆袭：我的工资每月上亿是由史宣洪,言译迦主演的一部短剧,现代都市主演的一部短剧,现代都市。"
短剧,天下为聘：暴君与我共江山,未知,"代庭睿,张蓝月",中国大陆,2026,,2026-06-10,https://play.xluuss.com/play/ejRY6Jve/index.m3u8,https://duanju2.com/vod/45365.html,https://xinlangtupian.com/cover/73d0139c529fdcdc6700c38cb5d49f6e.jpg,"天下为聘：暴君与我共江山是由代庭睿,张蓝月主演的一部短剧主演的一部短剧。暂无简介"
短剧,闪婚老公请就位,未知,"刘奕彤,于颢鑫",中国大陆,2026,,2026-06-10,https://v8.ppqrrs.com/wjv8/202606/09/BikAcZ4ySf88/video/index.m3u8,https://duanju2.com/vod/45356.html,https://pic.youkupic.com/upload/vod/20260609-1/a2960aa5bcb1f71a8d20ccbe12a8c55e.jpg,"闪婚老公请就位是由刘奕彤,于颢鑫主演的一部短剧,女频恋爱主演的一部短剧,女频恋爱。"
短剧,荆棘月色,未知,"严子贤,向婧怡",中国大陆,2026,,2026-06-10,https://v9.ppqrrs.com/wjv9/202606/09/f3De6qXVTP97/video/index.m3u8,https://duanju2.com/vod/45355.html,https://pic.youkupic.com/upload/vod/20260609-1/095c3a062e7cef06fdcd688954f2bb44.jpg,"荆棘月色是由严子贤,向婧怡主演的一部短剧,女频恋爱主演的一部短剧,女频恋爱。"
短剧,哎呀！撞到你心上,未知,"王轩,常丹丹",中国大陆,2026,,2026-06-10,https://v6.ppqrrs.com/wjv6/202606/09/SPSMb0cFY687/video/index.m3u8,https://duanju2.com/vod/45351.html,https://pic.youkupic.com/upload/vod/20260609-1/3882170ec8eca5c80b078c8c8c358f8e.jpg,"哎呀！撞到你心上是由王轩,常丹丹主演的一部短剧,现代都市主演的一部短剧,现代都市。"
短剧,从此辞言赴盛夏,未知,"刘艺潼,洛凡",中国大陆,2026,,2026-06-10,https://play.xluuss.com/play/epYZLl2a/index.m3u8,https://duanju2.com/vod/45395.html,https://xinlangtupian.com/cover/8e57daeebc50cc46d3e7d868d88825a1.jpg,"从此辞言赴盛夏是由刘艺潼,洛凡主演的一部短剧主演的一部短剧。暂无简介"
短剧,我扶女帝上位：开局召唤十万死士,未知,"邱意浓,康凌骁",中国大陆,2026,,2026-06-10,https://play.xluuss.com/play/epYZLl6a/index.m3u8,https://duanju2.com/vod/45393.html,https://xinlangtupian.com/cover/6eb7d3306b922f7ae219430134f3c602.jpg,"我扶女帝上位：开局召唤十万死士是由邱意浓,康凌骁主演的一部短剧主演的一部短剧。暂无简介"
短剧,不死帝师：送葬人,未知,"寇诗翎,王昭",中国大陆,2026,,2026-06-10,https://play.xluuss.com/play/aOYg6zNd/index.m3u8,https://duanju2.com/vod/45390.html,https://xinlangtupian.com/cover/899fbece6644e0534cb618f039b04423.jpg,"不死帝师：送葬人是由寇诗翎,王昭主演的一部短剧主演的一部短剧。暂无简介"
短剧,万世狂仙：凡尘逆袭登仙途,未知,"张埜,罐小结",中国大陆,2026,,2026-06-10,https://play.xluuss.com/play/ejRY6NRe/index.m3u8,https://duanju2.com/vod/45389.html,https://xinlangtupian.com/cover/4bef728cf44f6ee697114649e80ae191.jpg,"万世狂仙：凡尘逆袭登仙途是由张埜,罐小结主演的一部短剧主演的一部短剧。暂无简介"
短剧,纯阳邪少！未婚妻哭着求原谅,未知,"聂子皓,顾梢姌",中国大陆,2026,,2026-06-10,https://play.xluuss.com/play/eXDQp2me/index.m3u8,https://duanju2.com/vod/45388.html,https://xinlangtupian.com/cover/713246619141f1cad5f76bf60b3524a7.jpg,"纯阳邪少！未婚妻哭着求原谅是由聂子皓,顾梢姌主演的一部短剧主演的一部短剧。暂无简介"
短剧,夺舍反派老祖，狂夺主角机缘,未知,"韩明熙,桉淇",中国大陆,2026,,2026-06-10,https://play.xluuss.com/play/elYRE9la/index.m3u8,https://duanju2.com/vod/45387.html,https://xinlangtupian.com/cover/705121344c81ab592f0d9a5245fa6243.jpg,"夺舍反派老祖，狂夺主角机缘是由韩明熙,桉淇主演的一部短剧主演的一部短剧。暂无简介"
短剧,说好只做结婚搭子，你越界了,未知,"张丹妮,桑岂",中国大陆,2026,,2026-06-10,https://play.xluuss.com/play/elYRE96a/index.m3u8,https://duanju2.com/vod/45386.html,https://xinlangtupian.com/cover/ab6666980401ac570c86376e3c3da225.jpg,"说好只做结婚搭子，你越界了是由张丹妮,桑岂主演的一部短剧主演的一部短剧。暂无简介"
短剧,地心世界,未知,"林正峰,孟超",中国大陆,2026,,2026-06-10,https://play.xluuss.com/play/eZ68rr5e/index.m3u8,https://duanju2.com/vod/45364.html,https://xinlangtupian.com/cover/91ae6c42b9133fc774652e1ccbb116e7.jpg,"地心世界是由林正峰,孟超主演的一部短剧主演的一部短剧。暂无简介"
短剧,回潮之零点循环,未知,"张炣艾,萧澈",中国大陆,2026,,2026-06-10,https://play.xluuss.com/play/b68WKVRe/index.m3u8,https://duanju2.com/vod/45363.html,https://xinlangtupian.com/cover/d8898a387d0ca24af78043c1a0ac2e2e.jpg,"回潮之零点循环是由张炣艾,萧澈主演的一部短剧主演的一部短剧。暂无简介"
短剧,九品讼师：你管这叫铁证如山,未知,"张玉忱,魏凡舒",中国大陆,2026,,2026-06-10,https://play.xluuss.com/play/epYZLVpa/index.m3u8,https://duanju2.com/vod/45362.html,https://xinlangtupian.com/cover/074b8e9ecfa1a368c6ae661a46a1aec5.jpg,"九品讼师：你管这叫铁证如山是由张玉忱,魏凡舒主演的一部短剧主演的一部短剧。暂无简介"
短剧,八零作精重生后带飞全家,未知,"邱柏皓,张许焓",中国大陆,2026,,2026-06-10,https://play.xluuss.com/play/dyPw2kEb/index.m3u8,https://duanju2.com/vod/45361.html,https://xinlangtupian.com/cover/e36f8f4efd73dcbb83e570f349d7d68f.jpg,"八零作精重生后带飞全家是由邱柏皓,张许焓主演的一部短剧主演的一部短剧。暂无简介"
短剧,老公好像喜欢我,未知,"余沛衫,白野",中国大陆,2026,,2026-06-10,https://play.xluuss.com/play/eXDQpX5e/index.m3u8,https://duanju2.com/vod/45359.html,https://xinlangtupian.com/cover/e1798cbd89f85aee6f8751dacd88303f.jpg,"老公好像喜欢我是由余沛衫,白野主演的一部短剧主演的一部短剧。暂无简介"
短剧,荒年美食系统：我把全村好感度刷爆了,未知,"黄文博,小梨",中国大陆,2026,,2026-06-10,https://play.xluuss.com/play/b4x6GvVb/index.m3u8,https://duanju2.com/vod/45358.html,https://xinlangtupian.com/cover/c548473b235110c094f71470d79870e4.jpg,"荒年美食系统：我把全村好感度刷爆了是由黄文博,小梨主演的一部短剧主演的一部短剧。暂无简介"
短剧,白绫三尺惜红颜,未知,"吴竹照,觅七",中国大陆,2026,,2026-06-10,https://v4.ppqrrs.com/wjv4/202606/09/An7KMUFKaw88/video/index.m3u8,https://duanju2.com/vod/45353.html,https://pic.youkupic.com/upload/vod/20260609-1/aebb113ae64ee27a08ba3f545faf92e4.jpg,"白绫三尺惜红颜是由吴竹照,觅七主演的一部短剧,古装仙侠主演的一部短剧,古装仙侠。"
